0,125.79413704667307,131.82184351553641,133.76078401639106,137.2489330181927,39.823413292931406,63.54858693296325,149.82612950275697,171.9263429712413
1,127.56208993921423,131.3007973405138,139.1251290258155,142.53273956596732,45.34017426695558,64.06738603947473,157.65338973084863,176.06761977251475
2,123.96561315732393,134.37403485341474,139.0583332381588,141.4767243267005,38.87987602765322,65.8111662257453,158.02270549000366,177.16993815322698
3,111.6935467501932,139.8096678761974,135.50116699784667,142.98966655651455,19.06949761929878,68.8861978264583,160.32731599167823,173.4348351114178
4,106.29436292849407,143.11492043153106,134.90748552742255,144.89925603600886,12.361315325371823,70.7924531763226,160.78834280751516,174.44572301233922
5,107.64055383557358,140.44017833414807,135.01686370803296,143.08197182925932,11.418338588186867,67.25982312926935,162.03156091374873,176.00487004062938
6,108.14412458105606,138.58927196745455,138.77615805726808,134.39338749105647,11.822401566780984,62.72270085775026,166.10825818824023,174.1714588725642
7,108.88932034984661,146.6790816641601,141.11003674996599,136.8917065346508,11.684360601423512,68.16056614196734,167.53124803886948,177.79051404517574
8,107.69099751495699,150.37955570904887,147.34147813356958,134.26048700759586,13.533869433597157,70.3703608048845,172.56575134110838,172.25692399561072
9,92.13384881429663,145.6587547171351,149.46890190408848,128.89051905180165,11.542887089424463,72.38140478412343,171.6509995681874,158.50563827267976
10,109.20487991003945,145.70091320100275,146.42336641681925,128.58844713205113,9.914250085007478,68.46990702765581,173.23063501749658,160.83907826154064
11,115.14076880569365,139.05139518135266,149.64571031990457,124.84322997676543,12.75254365567218,63.66541520846976,174.37101156790254,156.86787962958783
12,117.97428438192821,137.53758585135702,152.73989679868032,127.60363311321281,14.679389811223146,62.55013811416459,174.98953086438453,161.9500894872523
13,121.34518755710221,142.35550039196272,148.35874406920772,128.76270238899676,15.512574789872046,63.658063500520576,173.45387798850032,164.53416730874662
14,123.10643553014022,143.01058148812967,149.17410271609276,128.39695374188372,13.133208094952442,67.45211453642344,176.22708806826842,163.1140013955867
15,119.11798684660981,156.14649183775362,146.85540198098658,128.66266177663817,10.683692047362221,72.65910906453036,175.059011604496,166.13230281324599
16,107.33898289187239,164.10901715602373,150.1277921623267,129.24548201810515,23.116191194438585,78.45124591428883,173.80216063001308,169.05126303289242
17,106.88243268867427,164.83373756886968,150.1973220459779,138.68551454728808,32.373928684640006,80.3095488488397,172.41231576033832,175.46989425882674
18,110.06319021778502,163.78251052867012,148.5501272304589,137.16764157178724,35.58709284420085,87.31027345942857,169.6027916159798,169.9754588652316
19,134.21987040009728,161.86827822439415,143.34067339649798,140.6406582409216,46.472102924081575,95.23149822587905,166.2958287848955,168.84300652313468
20,117.75704743643145,161.77972413585601,143.0776168533961,140.52035671792868,46.11978204586701,92.23361341959182,168.58920540076085,171.83280127294805
21,115.32303255106007,161.2286852124149,145.377830194934,138.75393891181244,41.09157772269228,94.78335019129716,167.50304561738983,167.60792919346426
22,117.84039374471767,158.73154403486134,142.97068163538717,135.56945442539563,40.15445018057144,95.2550670410519,164.23147388684563,166.50967384472153
23,115.35797503467569,158.05861054075663,141.58463787366597,134.1169507720752,36.94706853441575,96.1148798190967,163.63232006211464,165.68631718158497
24,111.19558576167194,158.43463311993452,136.0223858888369,127.04583398872298,35.902857990140895,97.1150018233201,158.5736630252056,160.092210792334
25,117.94932193304045,158.07679318524507,132.94462171473046,125.3704670925512,39.29228581865969,100.940826042725,156.5704563119399,159.47297089331911
26,106.7203608927554,158.10219403259322,127.77723100704773,121.97836309129468,36.74766658599553,101.9279173093296,150.96459680691666,156.26959477429074
27,119.40820147739333,158.25934904713614,128.46452407949732,123.04542953950502,39.954801640354106,104.64902181727993,151.71219575387192,156.87665493384202
28,110.64762758676545,158.60728064341,127.4596266216081,123.47130482982426,39.4043816565877,104.06775091177737,152.3751625312518,158.93797089959475
29,106.75411876307898,159.07571437345555,126.51346858809401,122.8810980678573,37.938174347066195,104.10843966627615,152.5833636546694,159.0012028062569
30,106.36724271298786,159.04786278600545,129.0210691251383,123.74956853509849,37.69583900376333,105.17486872328058,152.97416145108807,158.53945989952675
31,108.35178266631333,158.17970690203006,130.48637194200364,126.02689136239492,38.31914124089935,106.2794918630582,152.02990427040368,156.35131174457658
32,120.67884673950002,158.20730303259765,129.28550448856902,125.57387720410634,40.29196712340373,109.79220681612082,153.67689178191685,154.8119805856129
33,123.81541923663147,158.7085212049004,132.8092043448209,128.80639050647383,41.97261186312023,113.37638256806697,155.32155275156123,154.5359971640478
34,123.47607338718869,159.97599781967827,129.90501252531362,127.78283855838578,45.693724030079004,110.60182929958707,154.1468218954496,152.6168191539055
35,121.5314943544513,159.4881324044573,129.1166649297368,129.54938115101328,45.80687519842883,109.64800557538392,157.95356459043094,153.51827070367852
36,132.9655444501389,159.2594280861232,134.86198824093685,130.68479553614318,46.95695662581293,108.20590290034265,159.9786838619726,151.46844409667975
37,127.19878471027623,159.57273558170525,139.1861523869957,130.97766755276038,45.64267932782579,102.90134246081686,163.65260965733654,157.08338673500575
38,135.05032086012827,151.58933523246304,141.01701264475355,135.80156175348782,40.171932251439145,102.45815015874098,162.38415497390912,160.7537453154538
39,126.85260117624337,149.72300636047163,141.42865094114833,139.00843690072585,32.52979467683813,103.25043902988077,162.19294450143528,162.5828923047912
40,119.76358927977314,157.88113365359575,143.40230174503768,132.6609160497293,30.83932878859915,102.72657953135435,166.55920196537858,151.66261349536987
41,115.67714397481852,150.66873154865644,137.20167924940878,131.85900451148618,24.251942130406956,95.2640916184857,165.96488288027825,153.0344788401295
42,118.49707010763,158.40582543504493,130.53575264382437,131.47275908588261,20.35502571839915,95.36345344091859,158.54065308751566,152.88580849715657
43,115.1717277916105,154.44664641723423,130.07204335519538,128.54861507191524,17.283169793820463,90.53198044220525,155.65738797202752,153.8263005230094
44,152.1416059879751,164.0174520742212,132.66561523372616,133.53629985857327,14.3010942249628,85.77994926426688,165.56701384112773,159.2829400569317
45,126.20620284521875,165.55948966481947,132.0387697657033,135.89244679440426,20.884699932359798,87.97489346334758,160.32173187929098,153.441736959862
46,121.61438171492273,163.44063872104937,130.8731479468127,129.8552110908306,19.173912002137765,81.53210312667917,158.18889816097254,142.75868837718357
47,114.06701630771052,157.71457072532985,135.30644220638564,129.31663917441455,22.34874500667241,74.96877629538362,159.49771559832107,139.83341011738972
48,107.24655651653316,157.88739239185648,135.93910035282693,135.83006835991463,41.97076862888887,57.7138624332333,165.3646557936363,148.10119858951512
49,111.08408474198696,150.4132745517758,138.81009222809269,137.20834867446413,47.57359665882143,47.90415722869266,166.03345789670766,149.87610123840201
50,112.39906254409253,152.80812818139867,142.73094314499338,140.31493833500832,50.5095636370347,50.899294440150996,164.70127194038758,152.51131062914124
51,101.80157272185875,152.59565858950242,146.76722540967467,144.8336547606045,58.90377944519406,49.29006859794247,164.12938822657966,155.6185704369571
52,104.32416176120142,149.05968968471745,144.47662509593397,142.04119164166428,52.57166165193543,54.765850580599846,164.24331790422895,151.92913940972383
53,119.4104736450322,144.09697299394765,143.71734547786315,141.63017522035094,48.98214070116584,57.23304086085298,163.5576999199474,149.2992122218337
54,117.41076199973773,139.24370838858624,143.53327337130958,136.86115152169336,49.48383449154599,56.8866426138225,162.9981878231764,149.78309385142816
55,98.58794589635649,126.48630978350444,141.2297019509852,150.0218476235397,44.563253482317684,56.4145552508924,162.60465025938936,158.2275338226391
56,114.26444740572741,101.75860171446244,144.33037111100066,149.10738351970474,6.562997201435865,44.38528175500037,161.97235526706262,160.7096130411141
57,111.27839386273351,108.6139623046014,146.57256748348456,149.07968684207663,8.594946993536494,49.47361650382175,161.7550850773837,161.68977351074017
58,108.6274732390303,114.17894338090002,145.42609101493827,152.80364987253472,6.210842650021523,52.811920892320394,162.04459409801007,165.3885303422759
59,121.68828416134527,116.57017973973737,147.2115472030662,153.06014885389936,10.285347884340096,55.86923859174711,162.16100911310116,167.23950307970117
60,126.94581648183694,119.19194658104819,144.55366100811878,150.46188762572402,14.459008858747541,55.27400188636068,162.31151759177834,167.70515942229628
61,122.61432590663595,121.76800115108566,142.43628524786143,147.27731748883895,9.5590582036568,56.366671466557925,163.02026948491627,166.09737010902703
62,126.62193558723528,136.21986197952083,139.3131094908925,145.49926233966687,9.24654004215429,58.13683044332603,163.49992748624004,165.6627801500937
63,132.64797510013346,137.10346621270864,137.92178707119817,145.19639498730214,16.886741538989273,56.84215298053303,163.86387473036766,167.2772863847294
64,131.18151408544864,127.06572552176924,135.61510284810126,143.9516471260911,22.28889046789256,49.55143386745645,164.10068935025308,167.10288836832427
65,119.69748096058697,118.21746647279681,135.02380190319775,142.6029789596809,11.003325033212985,49.055086190357954,164.24210481299264,165.81205385513812
66,118.64134576756629,118.38243329653069,131.15165486895293,141.20155805834895,8.464139296763925,31.51341454627295,163.19796440191442,166.1647968487252
67,122.74532141885592,122.58806627559206,128.5767464712591,138.1656162831801,14.30989244695194,23.8969509079085,162.5511676854347,165.68914647185122
68,128.64385500284786,124.54743431191602,126.4921847477187,137.31261737553857,27.397520707182625,28.214061732759834,161.45483924690095,167.33871420664227
69,132.6549097947763,123.78007559245953,123.12654117954368,135.63400371093604,37.10039963357787,28.98608873695727,160.56633500644787,168.16561403218495
70,123.70159730183174,127.28437923457143,119.68759392124203,129.14094561840045,37.661764041588754,29.867543648124457,157.66785541717317,167.30165283114093
71,115.81917686666155,138.11387684917585,121.5369089915545,130.3735784909437,31.149385271053138,46.54583543785619,156.682993432333,166.34550590591215
72,109.23645499072501,139.3841778490909,114.95283171519135,125.3029670057227,24.467685131542368,46.984867932963105,155.70486976099696,166.29551018842346
73,112.94622361567966,147.61733143875065,113.58052736742984,127.52944760045379,26.10256126315652,50.41277419651544,157.8533234484796,167.395174013729
74,106.3603130292691,128.21040749414806,112.25663024998951,121.99412341934314,40.494046758053514,44.32091758794868,146.23952015909808,162.70470268180011
75,103.38847972035069,128.24510724221486,108.49221762468153,122.77959544198774,28.471800036495004,43.70441660075146,151.70760092959486,164.58527091252802
76,110.8742445612095,103.27281681830804,110.77594349023667,121.31347442783859,39.948664653096536,15.724364206818283,150.25706371490773,166.72895980560494
77,110.42386990600251,85.62256062295862,108.76161503728369,119.60630720093538,46.450455000569576,27.735226361391092,146.1504422250717,165.79147628727156
78,110.78279788503949,88.6660147386607,111.05811088656203,121.06726415402905,49.35344964526148,44.27430361972121,146.48660672514774,165.88636780380023
79,112.12914602982181,100.7896181982967,113.47833027081339,122.54217336250113,55.90438104258762,37.520606473096954,144.0731219906018,166.07468815881353
80,113.50122944503111,95.2877126717476,116.30136898330085,123.69307585164798,59.37881013006507,46.551510612513546,146.12614287348273,166.63487603075285
81,117.27299297637798,101.06806627643519,120.19605950398707,124.10838259736003,64.48422159553364,40.19834855553447,146.3169168584459,165.25200067491247
82,116.87061233088423,111.20024537629524,126.97400762984176,129.46800723120714,64.47309264506971,43.946819354868516,150.10820862278754,168.1255409940195
83,117.25944872944028,106.76010977004175,126.61766301651448,127.99544627927735,66.1171130421617,44.05773253327087,150.58380927604466,167.14100176693705
84,120.0690716157796,107.74379636019968,132.8693736725239,131.248979905656,67.51381961976465,40.04943356096966,152.46214809162208,162.91423431107478
85,120.85342227198936,106.51296865757637,130.36813162972507,127.52429362672522,71.73275477663485,39.353001385358866,154.58554175433812,159.5378824991069
86,118.18311876733293,109.83387685019422,131.89620463528087,129.07463264260346,67.15397288979956,38.70307673243969,156.86199822098195,160.9658654120816
87,118.72761832899525,108.76931897406162,129.45693327096396,128.16248236559335,68.89604960477257,34.73556545535743,154.13798048948115,159.1333417721451
88,120.46796321810547,113.5996850748299,125.34407802908407,128.88195256699237,67.24516638833435,32.021744551622106,153.2805025194365,163.04885526031993
89,121.94997563322225,110.91569124247337,125.04225528963576,130.28910386418156,69.5091023703777,33.99136364691632,153.6057718704703,166.9265202783398
90,119.55842893670514,111.63313326782179,128.57312855381906,133.1523100126178,66.67304737670129,31.427225656025712,158.40424232580293,169.4373234857973
91,115.77037158248464,106.42210665013954,133.96222763329138,133.0787384549626,63.25862442873615,35.60190036806408,161.9192867577517,173.30278784163661
92,117.97119330642869,109.51675952500642,137.38540112707486,136.77173123971005,63.424130853567874,30.659886489240996,163.66043401684357,172.68187090100102
93,118.60021951118992,108.29130288793145,138.90287145962284,137.4014717939532,64.4942941139843,29.85018766924611,162.6987005798751,171.7591022140938
94,119.11778355798532,102.2195853264011,135.69548293553427,136.28255919279903,66.50295953540558,34.75844040409215,163.4523082530995,173.5413424472865
95,119.4452013408118,99.92317070879787,132.8201488949905,131.9468210561866,68.23438394316655,33.720346152801945,162.6355787142673,169.80095680307804
96,120.14363929611984,97.39294320906636,133.24882310801254,128.73840438562522,72.17320353284136,25.028496089932116,162.90728207322732,167.593073773352
97,120.26915571345158,104.93925060188927,134.73395249806305,128.31952140295908,70.90650115089925,23.811757058773885,165.92897712595683,170.3674185563038
98,119.18605538151313,109.85436033825833,137.2387743000938,128.71095675361227,71.84768957849514,19.188191767047844,164.03544041934984,167.29824779809226
99,121.67951342413672,110.88865487493386,138.9755405145103,127.13283830791876,75.75080219207919,20.362543835658297,163.3547804377353,159.17526744742105
100,124.03452899305458,103.02832796830769,138.17890537043456,128.8053417458174,74.46140502721778,16.52671733731756,163.76907596377328,160.04441665998306
101,123.9602643752558,111.11439711566035,133.7091181973482,123.89569176956837,75.02374510168944,22.770067272181738,162.24031494514065,156.80430913662246
102,122.75407739467744,117.98469839657933,127.57887431081811,123.04634123780644,76.63281970163128,35.608275927407355,155.13144099958154,151.29361093836252
103,122.42426007788508,116.62979192059439,127.45541832030929,127.63363214850533,75.82866673727007,37.76702457926091,155.4770040181053,155.61101130720218
104,120.72423466927323,113.72143697796291,124.40611504336204,124.689380806367,75.24242730044386,37.95971800006154,152.5746650801359,153.86124003916945
105,124.0593241513175,124.29114746973829,124.06877346075754,124.2221734524791,74.82396363334841,50.663742041473334,153.62978214923066,152.97069138365833
106,119.59080045321431,122.20129283562927,124.05348166341957,125.17941256589535,70.98163425983891,53.965706732555574,154.66946040466922,151.90897934336195
107,118.64108196769986,122.22271748851746,121.99213781732907,124.81489431521833,63.26990312141569,52.306304885559975,155.41961970567573,154.50540107557435
108,119.79065132186362,119.45423453651443,110.00746960736976,125.32783202822314,57.50039793444595,50.2538689411266,146.58025157215292,156.50015472901165
109,121.32513608020538,117.07322187094766,108.14997389466461,127.47140338790517,54.271497396716356,45.9292098197114,144.99523327999015,160.3810875993714
110,115.58670426670346,115.59755363791297,107.5943736196883,131.62089386326835,54.05611524000026,47.73673752549926,138.97145027606615,159.22684925866446
111,112.77930344915562,113.48822676916605,113.63295036779223,132.93880257837858,47.709108791967644,42.62602528667703,144.58471321122536,164.938356459996
112,121.6140765074805,112.27148937240426,123.72144228706455,140.66146009415243,51.30285126750898,45.69128771376889,141.09389509145245,168.75135422007426
113,125.35054557047717,110.92650850071973,125.31202034499255,143.8326282647481,57.15661035007003,52.32625272877135,140.20321581627758,168.52414879017786
114,124.27180111019223,105.8999700467353,127.99385297242524,144.6530937281945,50.86918942764784,48.145959478711575,144.94003936177535,170.47356035790816
115,117.11672531301105,108.62123571709337,130.5779074252187,141.7574068186816,38.25885334203528,49.02380799111438,154.69322649890313,173.95613707622448
116,123.48458617070877,110.74097537549522,132.96606193241132,147.258046612972,36.97233676148387,44.47496626301638,161.21804081552736,175.7333525566863
117,124.27548582969544,108.03775890001901,133.08498321450713,147.45658515987796,39.38380377050873,45.60278759472219,158.76823357469013,176.26713423894913
118,121.9320513656614,110.82570244810445,133.74044192599257,142.2396413172101,34.54902278967165,46.54398877446281,160.65839998257806,175.66093581072903
119,120.61469690776086,113.06169032263837,131.8551988045827,138.89571119178146,35.21076758022525,49.961380271343906,158.78468132933415,172.8051515654721
120,114.1488953953131,112.15642584353743,134.24256847277107,140.21268418243693,27.875556686344456,52.047975311576174,161.23426328258086,171.1210080874771
121,105.37055209110116,112.79869528110896,133.57785025243808,139.78736087147354,19.63334688381273,51.717090985159146,163.78540551674863,172.18394467573358
122,107.14703102109573,113.64088580560635,131.9951079263986,139.10278883381426,20.099566615198913,52.64556235885286,166.20031156319908,172.24820650065323
123,104.66997211546996,117.64777362191661,131.97594526454444,138.36855208944027,18.10334019875872,56.62394923609745,168.97455416368064,173.20123098998974
124,93.54860293625498,117.42578939378365,127.54427739150957,136.93160430729438,25.79121178994919,56.52212825958055,170.0697611608253,172.43501818476614
125,95.3984452985291,115.66909265712965,126.63258240349346,135.60944799010028,26.082553937091234,52.520931588436326,171.66987351613864,173.193350650039
126,96.71439371133533,117.85672927726523,127.6795419616826,135.9157520055372,25.921111731663505,52.698441154040225,173.08924895107086,173.18560505810285
127,95.76537154294311,119.32523146446256,125.01629177814473,135.19834469517835,26.281459753782467,51.48340739184288,173.6463816431958,173.59263526801658
128,101.67956954112485,120.07507798158079,121.19491413289893,132.7072541717845,20.39932818565423,50.222843128737075,174.1035955790865,173.9974657434647
129,98.54477826650667,122.77311589859178,121.14489784697977,131.8153924162068,23.39542150109258,50.097793373113696,174.5742132823732,173.21548436297323
130,102.81603288515656,127.20202969377551,122.94212296584722,131.59821294940264,20.044567569343297,47.39096261666826,175.38202331620062,173.42797294902275
131,92.15107617156497,124.76316401693495,124.54634132786806,132.00695327363744,26.691204798412187,40.55257557337913,172.0470127647024,169.9852245043
132,86.91904333877399,124.58266997279492,127.91053264728353,134.472298056084,27.699973041494847,38.46598003068447,171.27825283263374,168.6406158898172
133,89.33409458428046,87.03371940841973,133.4987237631857,137.22784010953768,29.468478539749796,26.45640751827969,171.30437618830544,167.68531853382814
134,87.50668360061678,100.53555979251459,137.7339601611823,139.73714051463642,27.80668145430024,17.42929300895295,177.203315251134,171.9556632830853
135,101.50610023591808,110.25306392492679,136.48443875901893,140.72406249212264,14.70789586640866,16.06527557745719,177.76837012727268,175.0189148505179
136,100.134035512107,109.44004484086562,134.25098524997125,139.50182027343016,13.900469296605028,17.9948627129339,175.50732489755094,175.38326009222325
137,92.48955321956929,110.95226349166342,130.57727372319044,137.64580020487801,13.492147865086654,21.905755424562397,166.3242097975837,170.9373059874085
138,94.77160914580017,117.69204242561352,129.40856464059826,136.13783625830493,10.811632275492702,18.964267744648094,165.46586938302568,171.42831667488048
139,94.54881527563576,119.81466178522405,123.54060054561752,132.31683514598305,9.979382009341561,21.968075823823956,161.5546886811017,173.47701042097745
140,115.68184200653114,117.036200998633,119.3487848410761,127.83850232651258,34.08452696526536,20.277012292287957,158.18947577372845,172.62077096929818
141,111.64634248263647,118.46018213301733,119.48964282059876,128.57398216889789,31.965606988503986,18.83544126309509,158.1543543637823,171.93270064057668
142,115.17130643426253,121.83870850371832,122.69342955689136,128.90543117504268,39.63819143714437,16.873787201640912,155.92368766367167,168.06321230774978
143,115.04555670916429,121.45280348596455,127.11561336392107,127.29413623660086,42.396626173864604,17.293579155550262,156.39657958721855,163.38320852930804
144,120.79319454332762,120.56492521116803,126.88648836601774,129.06463219813776,50.627931453745674,18.508549157887444,155.81342266610312,165.31920766700912
145,121.14100830558269,118.98991443496105,130.70926221415627,130.29407180816727,53.36131973027236,16.96048762470614,154.35244305180558,161.97928891739505
146,123.99371145629534,113.16773497276209,129.3985418139773,129.88708487729687,55.785344305965964,20.08977377161477,155.5016675136075,162.7947543191245
147,124.6765762696442,112.35315269618273,132.9108715190087,131.44200004579173,54.86346597595634,19.55278651704036,155.35756902357585,161.88532738250103
148,121.72110690971554,111.62368950525133,132.0454034890644,126.88143189174393,53.364022513533335,20.208060022162094,154.9355006103279,157.1701757644213
149,119.43380229623156,108.9052556827415,137.18696856115125,131.41919472433182,49.45344907243555,19.938050337090296,155.40320367306842,156.6797000573822
150,117.3240092397494,107.75139592706297,134.82941324531956,131.1882208616631,44.786627940975066,20.102185515985052,154.54800472448989,156.26328967938844
151,116.0293360081288,109.25607034877117,134.9917792994855,134.72270342266768,40.891425687736785,19.88696769857652,154.17205879086984,158.8997892980498
152,115.21805224103626,108.93676523790421,134.24054657181134,137.69359938257998,39.16846047237109,19.412252546578962,155.74691863222353,160.3409406741657
153,115.21022387416251,104.72081836548706,136.17422595740223,137.54987327151542,34.36746712958239,22.49119725777804,155.41979177616727,161.34996236597922
154,117.39860339497822,102.65834659072765,132.8358439831709,136.19302075837075,32.49216719255236,25.205712776217386,155.4666030103071,162.3840175752929
155,124.16903611863198,104.69293910768472,131.02495257653086,134.80451091497545,31.860243600002075,27.621396751744676,158.98910796434402,167.8890947556594
156,128.0266810367454,103.73501464239254,128.81851363682605,135.91888185757307,28.74097310609274,29.60688314273014,160.15953945031225,171.81276252427728
157,117.34781026621927,101.57826757004788,126.97996369744052,132.43380972349905,20.54495068054996,27.849153920699198,158.31891436273577,169.3077285931662
158,116.21997795049262,95.74493999046221,127.83355737323365,134.6285806636581,20.17480784926841,28.14452515373957,155.60022946913958,165.53891044372466
159,115.85458798401794,98.56051132061341,127.83529310420148,135.1785877950936,19.534705904836937,24.800460885515683,151.3489676911445,163.32076535205314
160,125.66397557846477,101.98455591347377,125.20381450439942,133.07939161917992,27.67555071192223,22.654428901491848,152.45099849023492,164.31197865892966
161,124.61975275326307,105.11987326687239,122.02806107386732,132.0612807374891,29.54756137405451,18.161980913903975,150.51764618397118,160.89815664260107
162,127.39892019031097,108.9183192072713,118.68446766664914,133.10654083448642,33.53452838736321,14.867425283044222,149.45560948660997,162.8642434046034
163,128.72557416895307,110.41438414301686,116.60531151135997,129.7868131006209,37.522415444705565,12.510328033141262,150.00182354202244,157.49188306133073
164,126.25265861035115,107.7389627518488,110.66805001685034,127.90755990885673,35.07671629260796,12.86264410947623,145.09367181016,154.17596063654767
165,128.481886625999,112.64732877479847,118.74329060478298,133.0601503630924,37.38617166527663,12.482811187451675,155.27605648473852,160.00047934571617
166,128.3001135699514,112.41179345950843,115.54206126313927,132.10710159105327,37.24691801015232,12.402098231949404,152.48932527042527,156.05386608576387
167,127.99139643397984,112.86550847945998,116.78492558747524,131.41943334963017,36.198635846989816,12.513808996019764,154.5416818695955,156.5669641071859
168,128.32731346358943,113.97207171526152,119.04083680392496,116.75518761256727,36.93235377266996,12.142127865624538,156.04900678443403,142.92866755093445
169,127.9851677465187,113.8361034508028,127.07515642392524,119.75796406168452,35.45038103915015,12.91530574742081,162.63038535197023,146.32775602278178
170,121.8953961286275,113.55413250829695,129.33179312124003,124.36129615841585,25.017495076488654,13.932381590726678,167.03522745399025,150.69613492698664
171,122.54448437082794,110.33936747037522,130.41379140031995,125.22634077150123,22.10150799589355,14.337679577241722,169.0019652462298,154.93335629963892
172,116.09853115502807,109.1197250447654,122.41281453271714,124.8475981895,16.57932052464008,12.882251466209194,159.42942381288,154.1029653818569
173,117.24182456143468,116.68785777722026,122.97545874687893,128.74573196457376,17.55053368915368,25.450952306413978,165.72758084846913,160.07108447095047
174,117.31216836097042,123.03922774175771,129.5917346552618,134.49733070045482,18.15961502748828,32.808756418159,171.3957835470558,165.25930736946538
175,118.42361289900464,121.668842670009,137.27859361915586,138.462819262927,17.763162177227358,33.7477714086469,168.96642857739957,163.73526469695335
176,118.73786378346338,119.7862447664515,144.20873662793963,144.4173203921497,18.804800798247364,34.03038948741808,168.26906642089483,162.26327415377887
177,116.42856794362108,124.05326711289153,141.39052451908051,144.38947390218266,18.794057183912205,44.53294485621705,166.16820852193376,158.0596881267482
178,116.48306624113772,125.26197177249132,149.91709637051022,148.5221451275669,20.246731507157406,46.48177066578128,170.9024327522947,160.6573288643039
179,114.54347668890615,125.88817680645643,145.40743556561074,146.42978264493823,20.617986079855186,49.960971528968784,169.21145971910138,160.9659379706782
180,113.45834904491007,128.82293125822684,143.14010461550524,142.10631756093116,21.243115896568504,56.60437906054338,168.05909807804056,162.8949222895654
181,114.26698599562248,130.32767546271705,142.00246863007746,140.29198363987237,21.75309854071854,61.712399128780824,164.4949996496152,160.65703994790468
182,115.24422715455857,125.7569056737698,145.18770444130092,142.33637719629166,22.536472455796577,59.72419948034933,163.99633511313309,160.6137417645224
183,115.64515867922854,124.87734755759934,144.6128369544816,142.17724841649843,22.85516864112526,59.570504556894974,162.93635316565582,161.33160196859984
184,112.027636601571,124.14891444332005,143.40874268132362,142.72619630550153,22.816329907137174,61.139897012276066,159.00115477771615,159.49845656053418
185,112.72172821370224,123.05347623489425,142.3088794262122,141.09349971588696,22.709351612329126,62.2848892025331,154.5043537094653,157.35208455950237
186,114.2203956071743,126.65529342551064,144.847371843639,142.3800488245921,24.821348577818124,72.68354632880333,151.93927599287917,158.86466168637884
187,114.19339267962884,125.18679893118194,143.18728777898087,146.0460480453413,27.67862940590959,72.68412687592718,147.47821351233208,161.4980853136182
188,117.31325714020713,125.88050999806349,143.80485241099737,149.09878321590915,26.77014010499868,70.7249024280101,150.38382978020064,166.69167154700315
189,116.3374089309583,127.28506603084695,141.80392797770514,148.9052280941374,23.90298782446591,70.15572488237694,151.27184413142845,172.1702447768322
190,115.60762464553436,125.8593923343763,146.38756425462896,151.46293967635313,21.443060832403997,64.15839389252159,162.1196716201629,176.07877654087952
191,115.69520682127924,125.69333216776262,142.36913454803482,147.10461218063972,17.6279571921979,55.499916859649126,162.61426401260272,174.75616600349966
192,119.7941349757635,132.18069096926203,133.91983104043214,92.66479061126623,16.082416286639447,55.02132295490514,166.56025951239968,127.71863009749995
193,129.0982769400967,136.19616052086343,122.29107876229187,81.20629848021288,16.62445967731316,50.292182786902664,159.64201815115302,118.12421487551302
194,135.66951143527143,137.979181144359,97.4310954033071,72.54711807325499,17.94764002187195,42.80747853108396,130.00780282603014,109.25008863794467
195,141.4683999084347,131.79463591822488,100.81267340234389,80.76065657021901,22.102773653342933,36.82028034844714,134.69467324306302,115.49891747536734
196,143.5262799607989,132.78195437784248,85.32691123721982,80.64626771284709,26.666072686863703,37.4451622761331,112.49677200971483,110.75362276577388
197,145.94918231925465,135.56919568869918,80.84149905757008,83.82698758793032,43.26048551989678,44.653459817014905,96.10953980624365,108.03202821228487
198,142.51318029886892,134.82991749509233,91.47968550148882,93.60424310187031,39.72201621846952,41.1425362223997,106.27955122313512,117.17778483776556
199,144.5263411720825,130.453658428695,100.8036664352819,103.31071227165447,50.382287042942416,44.01738519228725,97.35497953542189,108.4064382869374
200,139.19425528612507,130.74083113715145,101.34624502010367,99.03935151172897,51.519903891530824,43.54681022660723,107.66302155076909,112.49889926816739
201,134.89707860419884,128.89447820581032,105.54244337211259,106.68827735266652,41.97213538384958,37.87797329395104,112.24067522269081,117.23423762602133
202,134.95512729365296,126.17553066407554,96.24344862133194,94.56384768018545,49.35124578906677,39.64144268913593,101.02060382179435,105.83107013286794
203,130.990567951327,121.4753808334597,124.39348681481736,112.21152975200279,46.61676629697982,34.786180229101156,123.45457065611157,115.93887817527127
204,131.38889697456912,122.92001656839574,118.12461426315683,108.8540736695174,46.01602230563634,34.06012824425297,125.13879080362629,120.44421153784782
205,127.1068815209626,124.26842518703675,127.80840249131174,113.42144151761148,45.386502764516216,38.46923312815898,135.94355491136616,124.21159785066273
206,126.06888502686682,122.20957137794683,121.18996672136112,100.79948961453168,44.06941691480851,35.47255988796364,130.88767452961392,120.50128738596185
207,119.85282194981299,123.5660684521367,112.72226376766106,98.92474322960987,43.926538856879375,38.953223160483375,127.38215838136749,117.57774627740129
208,119.64803703461455,121.98175480807092,112.8733346916428,93.04485777837805,42.65516006756829,33.85734541528735,130.75229389038526,114.38434410311854
209,116.7754745264414,120.99959446333595,109.45094018224702,94.79998708733623,42.46641933843881,32.60833689181472,129.27307945979518,113.29677334661027
210,116.97597244701878,109.21780775367691,150.0386632751601,116.28614038681378,47.858806654216956,19.57516793378867,168.45409521324248,127.32386622967033
211,117.60347375566117,113.60874876437158,136.57660046407344,123.4726311628713,53.580046503921096,25.25825675289218,155.98168948365935,142.88222110958006
212,115.01004696994885,113.67656781909857,147.6102723239998,133.76425951533344,50.22863531476706,19.895438115522428,164.40779899429882,152.5299157524717
213,115.93777109441474,113.6868229319252,146.85395225487252,128.8062500685462,53.250701560363964,17.619089187028187,166.74604106476136,148.6958612392184
214,116.99906801646755,115.80361006261245,140.97887471350194,139.22939375778915,55.97756073219571,15.889039370037008,159.53677344291168,162.15649612852036
215,115.39688129500179,116.10030967739746,152.76949586604735,142.3545286689385,54.78774293496776,14.774024290291244,169.62532001487793,162.69346556071127
216,116.85105657647783,114.3637353581461,156.51650701645744,144.76467208287363,56.35156325144437,14.346098872365033,169.10259989771802,160.6336466138835
217,120.61568826238666,112.97620134711883,156.28951308346248,145.03212533240648,55.09202202081898,13.590073354351862,166.97465049802804,158.36334467450845
218,123.5248488035304,123.44435016353833,150.82878953971328,148.16903525616456,54.4849591336228,15.87879477817877,158.93239372403377,159.82414790893992
219,128.2468197323537,128.17449104268613,135.3892969753887,131.22055375098267,55.464740136484714,23.588292070001724,142.69177111220017,140.2006037783414
220,129.9563250470678,131.72754529551062,119.09569056116023,120.32435448628293,51.62094710700539,31.23342690912584,130.2650227469016,130.5836811178212
221,124.53580484973901,128.24962711013805,129.50649309405262,123.64562133917342,38.00498268985909,28.044079957973345,134.5125346778762,129.11407169144957
222,126.38218060531945,133.21318614470783,122.01015025189005,120.75297729325163,36.8245940278417,35.282652852564055,123.0247832669898,120.42577524376097
223,129.45078658998034,136.76018339113938,128.7800224099307,125.60384540150275,36.376842093185225,37.05821153867282,121.9807775728147,116.92238748720574
224,127.14331306521919,138.88118349125187,125.70565652738985,125.66006401612681,33.90165856642651,36.831124926919934,126.85325894916411,124.27579179581674
225,126.29435298128047,140.11905757333045,134.4754344153641,144.07312011111222,33.580545201136935,35.94702918349107,138.61339877094622,141.9897693068343
226,130.41094896354596,138.4317493916942,132.25803270424834,142.4473011109857,37.0462649090057,40.89037100823339,140.06453919826325,141.04806765547843
227,127.80522839484202,139.07748108011214,125.33590434978572,131.63199907864248,41.107643693540936,50.520025802311686,140.71649648147087,135.0108815339996
228,133.27005187466884,138.16099272522501,130.92214417946184,126.01341242551341,42.84223125755544,49.011338324254936,148.96494212213113,129.02138076912956
229,135.49255307963946,136.1615165300357,127.86870139590685,125.07204263877193,46.197321927918196,52.7808248466834,148.75758978759245,130.19950201199092
230,135.26505736971356,132.93180464377087,127.94523783251128,125.45274068542248,47.91478218413226,51.27390656704958,150.54348711483524,132.58872265122213
231,134.57802738790767,128.95209071834782,129.18731280680674,125.36806940650983,46.72689686574862,50.13354064275388,153.06667263566817,132.9064748599047
232,137.65169428875754,129.5287245065048,128.26451596449735,125.34276012104984,50.259173185223666,54.278942697634584,154.430636627301,133.98491422249987
233,137.13045376142813,126.85813911705344,122.2759165774751,131.0318724103318,51.55511581476279,53.17179720495401,149.43295006939343,143.07231443366425
234,129.9912236449229,125.41362385547312,117.55234570124013,135.12546954742893,43.74654803905207,51.26784590400388,146.23634877100977,148.3001007636742
235,128.19860276370068,126.13814453711504,118.08048652559793,139.17958871524846,39.27852243915471,47.03584507494224,148.61500179004238,154.1580690523336
236,129.58637749043098,125.73718078832071,116.43392133629459,141.34995101072772,40.64650918750688,47.41866303535422,145.14912807942918,156.64709815519387
237,124.43274428899655,126.55834541123268,116.08724378624616,145.63120604568485,31.151339588831416,46.633721347850475,149.7568039203186,158.91588301131037
238,132.75801782068794,129.6183565100829,120.04132193678693,139.17967895935644,37.78148307988377,48.13403862969235,156.91602536332448,155.70818441423987
239,140.60220617369515,132.3908228457762,121.75519715032391,138.90304454457302,43.81077959737067,49.91045880595288,158.85819724979243,156.04766287759142
240,135.42538608134726,130.61372858140086,126.36953253083533,138.1869843419307,42.882032170964656,49.657047726033966,159.7001224193961,151.6576080835521
241,133.13792328673014,131.08295550431558,128.2062882724824,137.36706836056678,39.806985167427996,50.55268018019007,162.41374036239807,149.3869085877371
242,132.05317917241567,128.76707283608815,134.34980137717864,138.42007099199162,41.01720972441125,50.92036728503862,166.17586566448352,149.49192884460442
243,128.94453184591418,126.86317901957665,135.79395544788534,139.37815569449478,38.62716688343485,47.51338975168899,167.0186406427502,150.48814479848645
244,132.6045095589721,127.34006416141844,138.98981542467897,143.31359322324622,41.49710138020242,48.02574779016268,164.4784891297262,149.79045843662072
245,128.71369973243822,125.07233790277924,138.0884506077781,144.06675945765537,42.38414841183591,48.31072203254167,162.37515364372703,149.64501076376519
246,127.55569511015037,124.51433805589495,137.1113791249213,141.49128782282102,39.22214542750009,43.00834207436868,165.82594244431442,154.3679077167345
247,128.6542387667058,123.42442370450084,139.01573344786098,137.58810754973058,38.143835166886106,44.29673857245676,167.28146490487669,150.18261821412977
248,128.75426538074953,122.42462527796408,138.49491470130064,133.75712013848147,35.448250738898096,42.219797153823095,167.9173743890435,150.55384135342817
249,126.30177340229268,121.88150763788244,135.05620583433233,130.90487104305745,35.093285481292085,42.13158996428321,163.63836335322753,150.8198380618277
250,126.03072097560838,123.85753396924463,135.66648986065698,128.38480061472467,41.39333581771962,48.94356277498973,158.74371832376286,144.91799248850754
251,120.35369200889201,123.21515712909375,135.4704048869406,125.72753255448671,39.994199783433075,46.73135669147978,155.08749159603357,147.36735692963805
252,125.38561041520781,123.97101444475359,127.86036840856204,117.36852037666938,46.72580310503094,45.013810153458344,152.19423141123636,147.09341771213195
253,126.95487015063826,125.88965433822622,123.47988122051795,107.53609807311113,49.99733101640823,48.68009290797392,150.04824996174395,142.15349632135548
254,130.46275363093974,127.40147938160214,121.41872216461542,101.35149051396898,58.03970937020225,50.44224818327229,149.86891350696308,139.14334784118924
255,125.19660584138506,126.3792200097433,118.95815349333633,90.81543088348259,59.423727568047156,49.716045801360444,147.51383188160077,132.14997189278205
256,125.08094954773533,123.80594484026146,120.59832090475881,117.1076456018704,62.92085669652203,48.64894158167435,146.0549525250781,154.9775166407473
257,123.43966771227628,122.32702141645736,122.13214689470672,122.21098509280655,61.64183995022205,48.81836757104044,147.23779331393004,161.93053425067978
258,123.35897218453893,123.73259787062607,121.97249050434579,131.81289654532108,67.23250213439944,53.66247160000622,144.95712558206327,170.8533303709276
259,121.25268007731422,122.11385069035069,126.41639362422984,133.3633829134096,66.73778388748845,54.46413315809741,148.00278459992984,173.2670480504298
260,121.96420456923428,121.46114650600697,126.75992245807682,135.29777475325056,68.83386164551013,53.171659065824194,148.93560129279638,176.18006020183537
261,119.69361331994833,124.10085896473821,126.47620840782824,132.93212711960723,66.05829841029023,54.48758526629662,150.10145165039384,175.2622303270125
262,120.82237925980817,123.68450371585007,129.22412968567014,136.35752792849746,65.8036909265837,53.10703792280289,153.19197393522427,178.365125710367
263,121.99594111350079,117.17354569554657,131.7252643668097,139.69482913937185,65.659148348381,49.02999419354431,156.91820762781737,177.7722351783966
264,119.75108448646405,113.6703114274166,133.71346574924945,139.8892850121385,65.42841814718906,42.95548646429233,157.57411820904983,175.25384250574086
265,119.99499698481398,109.72548080012666,131.62935481290717,136.2962441767164,71.19959483267887,43.07885136342139,154.50613037214833,178.6077968543668
266,118.50170447611805,113.01115106954882,133.4186581712384,142.522368256739,71.38689634621916,50.70318774368615,154.37200679071768,174.73188739925112
267,112.76070024573568,114.05368485176022,136.45048163667613,150.6051171326911,68.9353286788144,53.62409950580089,154.93873175594112,166.12176390553248
268,112.94990300546866,111.74610486921547,136.70210304428886,144.96222655536957,68.91350097856085,47.36645934095848,155.9067903365579,170.3333327513964
269,111.6047921839433,112.80449941543714,143.42299483768306,149.74725981331434,66.77759940334691,51.16654832072881,159.6309371340885,168.66604690021168
270,114.75627828924875,114.76561123942751,143.041434011458,153.04239237918898,69.20477749025585,57.75286504178937,156.59825135933949,172.75271048213583
271,116.06321504475704,114.37416509896546,134.39181404679087,155.49755245875423,67.28061786599295,55.46025120509456,150.67991109703945,170.89268412968843
272,110.53828843640869,110.83550219091015,127.33667623300998,143.6016209569444,56.341082397731505,48.929387750311086,152.8923380623654,176.26356648018395
273,118.67861805003083,116.29529329688476,122.33396299939062,138.26479995548752,66.11261442979047,60.20611779479952,147.07483087611845,176.50222332338262
274,121.31747255955133,118.18393123233929,115.9675676396112,130.94140648982278,68.09152291542964,63.104753309558234,143.44307187684174,167.5739298158357
275,114.93884575221351,113.67085821313385,120.89659344503934,133.32013188360386,54.85958822432803,52.435311677325366,149.6742152244271,172.96051664543114
276,113.81107957415097,110.5159660832573,122.27268258820573,133.3414397577788,42.36205128913964,45.21011229633692,151.70559167189936,175.28954346019
277,119.37453449049674,111.03961602432452,120.37354438106853,130.72375954046046,51.03998802077663,45.916750672948936,146.0006826258673,173.53869397301733
278,116.82098562640898,111.9764016110759,125.07915648105096,132.10740306813398,50.749046459101244,48.57522244013275,144.92302792968135,171.09133967866933
279,119.78350052701326,115.6836928618022,123.15399312949062,131.95238713211756,54.31188611450328,54.785931117238235,143.58344473978994,168.6128827281462
280,124.34565494976258,118.88512244750613,124.70313849373052,133.30701634173917,51.10683797248237,55.17792426138878,145.50370520625364,171.8393273151449
281,127.68930405361516,121.96708884476571,118.62312052232545,134.44805048664048,58.07953913277802,61.08141925436957,138.40428441098138,171.46250840019988
282,123.95174304071998,121.39938489427121,119.38782302878249,137.358617128086,53.581239832327654,59.0360395745833,130.90096842118552,173.68644093211992
283,125.91707512721979,124.19985151063914,109.56325023043702,138.7120377208242,58.04019096443211,65.92812291271429,118.20756684877922,171.40008406751463
284,123.18658585932367,125.57079074811095,112.57841121383306,141.45820607027173,60.21478843010628,66.96452659447395,117.90088301939652,173.89369280663854
285,122.07304934371876,127.37704430264395,102.27787387297799,140.92770587749325,63.400354261856634,69.80219700391122,106.0440242685506,172.08734343535818
286,120.34335536563972,127.36708414951558,99.5039561203405,140.2478654989531,64.66640462846539,70.51049657030921,105.05153934548733,170.45307140787287
287,112.69569201309525,126.73773072621351,106.1855368465179,141.6683113960946,52.499301741254406,66.49453253784633,113.74734557646867,173.18490085678076
288,113.89382918594598,126.07278527196344,101.65022482296168,140.55839113536894,53.417154084267054,65.23863378968183,109.63000391412274,173.03643926584235
289,113.59327357065118,124.7697851262115,102.25506657944683,141.13808845871327,54.29677197381517,63.48378910893106,105.71883082382448,173.56786686041207
290,112.37110020479271,125.13351900712938,99.98616075973878,139.96982831723722,54.33900214479013,63.30492135437352,108.00577593752563,173.12169402542585
291,105.9650591442876,120.50929420061182,105.91020039549736,141.9296892633218,42.707300141293466,53.865282477116445,113.90118532869855,175.84466462712808
292,106.69487921514205,121.77334606602076,108.32042288858281,145.68506824254362,42.7425872988031,53.878283145154505,114.57383638857029,172.4274639780989
293,105.63811300409618,121.35652161814464,106.99748768916744,142.88865331621082,39.50089728675548,52.15072323823966,118.7058176280211,172.3969983979703
294,106.16930545626849,123.22182739076429,101.5288170344409,139.40929377160094,39.629266917119516,53.8612259184005,117.33197625876367,171.88671786420335
295,107.25047065398998,122.75737681624521,101.07590611203135,140.12836145481137,41.632136419892156,53.889221310200924,115.3731608150254,171.30798531266515
296,109.4974010431922,124.86944015383301,101.20308859072675,139.32199544758112,43.3008506606396,58.12181844684298,110.30841203245713,171.46340118321007
297,109.1044722521054,126.33913595607456,100.70303075404193,136.31127381048387,43.41884042360314,60.32508550025897,112.40399367385717,173.13899889361923
298,103.71559884480239,120.28031674353613,98.42888751956866,135.6872772035503,31.980132590943303,51.79564509989569,117.45790514444283,172.23114216333843
299,104.44226636840051,120.50658113896054,101.81203999745871,136.0259680894804,31.082778484671547,50.58169241982302,121.58142647259726,171.44447044872263
300,110.59280206360356,121.56702885041307,95.48297684155675,133.3250625536335,37.693101042557096,51.06602994418133,115.54029140739424,172.20676928192916
301,114.22533349864644,122.12553512787943,92.11354559878752,132.85628921129666,38.93826083136647,51.2533891723279,112.94215702027114,173.09317952718266
302,108.75021514471206,118.76149766569313,89.7400205983037,129.62634140162555,30.091443963737277,45.92823098079508,116.71408484428562,174.38540143174328
303,98.49438014530536,119.17088140964671,86.7156553464271,129.61946945693774,23.46695646137758,47.49338131511798,111.74908880779746,175.64552624581287
304,105.06704331417643,119.7670153178548,96.14796520247957,133.2880475683142,25.31407206960704,43.52132043028651,118.88147817922805,173.93955047687047
305,107.80109937943254,120.40562540808862,103.90062597069732,136.20650028518935,30.368462141782228,45.45256451882565,123.52439154804098,174.42340930252533
306,108.91887925695404,118.42428665844862,100.39849032693874,130.55285440324658,28.50471293503221,44.03551537558404,123.96127049043628,169.24095948621382
307,113.27416424152881,119.74294390261187,97.51886575496927,124.6662893672996,30.544380221021736,40.39212712240079,126.18848738914619,166.59464676298776
308,115.8701453137979,120.12506932235009,103.84881941788093,127.31639421093256,34.94585429175456,41.56679281971787,127.76187727568342,159.3903954391322
309,119.05263378773536,116.15886195389534,102.57867736871964,118.10193176089189,40.98640933994529,40.843360051107176,124.21065551985991,144.76627560807285
310,120.36399311024182,117.88279680146513,119.74468402924388,126.48386148750166,39.736769235224706,42.26282110571013,139.92097529363528,150.2576162858274
311,121.14112963392122,119.9338946393864,124.83802048359418,127.58590901300792,40.51426697121178,45.445067992732426,144.78781816837926,149.8589982064814
312,118.93893191599858,119.58038669645056,125.43859532660309,126.78698389507774,38.436189482364085,46.66047250286342,145.66970295586896,147.87409935577566
313,122.66594733540232,120.74005837237804,132.0292125200338,122.94387165999126,40.266545992477674,48.16754735238425,149.4033904518236,141.7067506324748
314,127.80984409874686,119.70674090337563,136.2478236175616,124.9100959237286,39.52690954347318,47.63475499916523,152.70643990727257,138.88063967352386
315,122.22760860031208,120.37750464010999,131.69211877457047,121.87551837587593,35.758729522768995,50.87214881665036,149.45723920625602,138.09858930099557
316,128.32890169841306,121.61367000967797,137.11684353482602,120.54355279068788,39.53724587689425,53.887108157831676,148.20858098411597,129.93373442277553
317,128.16991088999424,125.30767505903512,134.7488059743884,122.5350514502995,35.094223629813364,59.24344799444179,149.11162566266108,133.372082180726
318,125.37604150765951,125.28497298980425,135.76144074505493,130.68367720099155,26.373873305782702,57.54122369507123,155.03888923383687,142.41254840695456
319,129.6869199069681,125.31206682633639,141.22624521707544,130.0013961383702,30.41366893545965,57.64593001702648,157.6008117584213,137.82270443311833
320,123.20607392974395,126.12828938124548,141.57631369066567,123.14577629942268,19.449974166672803,57.16865453143905,161.03497108078076,134.89433581491411
321,123.75879263096517,128.07768108964405,139.5417220293208,117.76709212694765,15.391867934656164,56.90078254681154,164.31294562804655,135.28044088418966
322,127.3642259541276,126.40464064949091,143.16887549000296,117.78251304227464,19.501344500340764,51.617787714834414,165.94683346223115,140.50334091659028
323,133.90860948560075,123.72268110809871,140.39586044891897,132.442486984184,20.08743592341457,44.65588149342935,164.8189664164913,158.9058307481552
324,140.098861409312,117.22605685338141,140.22783660584017,135.44638544168654,24.504617038011283,35.90494454953464,163.4818991226332,163.11131763864728
325,146.91812482789499,111.8902679548422,145.41622903464304,138.81055234097084,30.10907715061561,29.537375144292547,165.34697323736492,160.90593922931424
326,151.5511344108411,107.34891453612369,146.30765051890882,131.40377653275547,36.29072190770532,22.814506831606707,164.13352681585886,146.10847645055696
327,146.79827624524646,111.16460664786835,143.50066720066403,127.67821300461557,35.42357157194421,32.51482758250443,160.5923141309899,146.8718649256561
328,141.82198726489926,112.89192773276193,143.6009809797664,130.58026077734482,40.87447214530147,40.081591125717566,159.52527853993743,140.7998386847612
329,139.37928081091297,116.57181324219658,144.14786491273588,134.21312713496243,44.48340949402869,45.40760877555401,160.89494413415548,135.9403478992206
330,127.57770905680734,120.3473776243862,142.3912947888093,131.06752344171457,42.69738896219793,38.860632433338864,166.61401422590242,128.4461050791885
331,119.49242510904412,118.75971162039873,138.16345153724333,123.0416071320452,42.163365709825605,31.893859656549104,166.00676870239081,127.37371785621943
332,117.13411353011642,114.83968853160243,134.22447137833302,122.67029778365604,47.07896262771234,24.800901843783887,164.58816812472688,128.39988223854206
333,120.681715209522,114.14519531852193,109.04710791708312,114.24954638539826,54.749196230540065,9.471372497215643,144.41005017729765,132.5936881931052
334,121.03931255486604,114.76563026326646,106.73395741858099,112.50195173468242,52.622769905850795,10.010035872476331,142.7885684051249,139.16984128526246
335,119.70934107634214,110.82576661274052,112.02820833218927,113.46845754811964,51.4284886850244,7.960273722234022,147.7132016491981,141.49874984010623
336,119.71838061102058,117.5005416599536,114.35302014976712,116.32770656419727,52.84971934261222,16.018927479711063,149.37433545058514,140.48390829667207
337,119.6401412617943,121.55277415529679,119.67447025644508,122.31135849122316,53.15123268347814,20.274035984513482,153.41057740136802,145.04171707687968
338,122.28315165278327,121.32403120239927,118.29512121018432,127.58513507210824,56.84370908349994,20.10852275809166,150.69834280812617,151.49158318967062
339,125.7929600781894,111.92508141679836,119.21274526856503,129.7639360875359,57.077096538771286,6.382611722644107,153.41864019070437,158.0923118780897
340,125.71932719546437,106.34064665474952,119.00815747095098,125.89270301122716,53.68048608379284,12.17325481998741,152.05606961499566,155.61933617776967
341,125.84529471285991,116.18876591826667,123.53715062379881,124.83146232584103,54.32385556597956,23.602971731433875,152.80337863163896,154.05258244537492
342,130.78480626116902,124.65342666254664,124.35201316763543,125.225619455588,55.931771643584895,33.749508095089446,154.0621703923692,157.03703771471913
343,126.331760656755,119.38435299006653,124.3208978859869,132.9218501579659,50.78162388518308,27.61637696738105,151.65147903437474,162.69895839146983
344,121.71070633492687,112.37499447189039,125.50134630055622,134.46921973865577,52.26465466272245,6.1278452550717075,145.1503771916095,159.9064588335415
345,121.71337863964452,118.58812887779963,124.40352046839298,136.10830618936723,52.451728712884346,13.392088859623058,147.21889399910228,159.43504446442216
346,130.35249578191244,122.32022035640347,126.52915488403319,137.37621329108273,55.57095588212777,33.893658353565954,152.98466242870137,161.8619964721253
347,126.73416411593578,130.99870904399094,127.45674067536302,137.1861831597036,50.15686466048633,36.48443739201025,155.37110483029602,166.61659604078974
348,127.66743571756706,122.7601367267127,127.77808689742308,137.8763824996948,52.61251574873137,36.44192150369205,153.3951670025026,165.9547562750415
349,127.81897952094913,123.52767486431308,127.77258551699025,138.25106038696606,51.5363249852487,35.163840213621036,156.83281026693174,169.8777075891834
350,129.07167013583808,119.17604590478932,129.13452502430104,139.29001767253922,48.19867409996182,26.895895713720563,156.80707950619242,172.5843850230607
351,128.27274264386926,117.42019577081578,128.08668925101477,140.15171389494483,47.50079566796707,31.226171174339278,156.65572156686403,170.81491507811907
352,127.03214850135765,123.03338561337918,133.9515116122074,140.6685759049929,43.201236093186225,40.9001214599958,160.32055823233947,169.03213413758334
353,121.357170317374,118.58586602639785,134.474239609484,139.21352522665487,38.93954316846359,29.692698189230864,155.4861369786101,168.5178512568293
354,124.73683542234151,118.06520576199826,135.7946083668995,137.29535905604615,42.181181541636775,36.04537895550226,162.49513393682818,168.67857345637407
355,123.67130753643805,116.80107215481713,139.36757867175,139.56527379006477,36.19413849371426,37.65323603453508,164.84014640217393,169.584038354731
356,123.61065351577533,115.41797550395769,137.15980088223037,138.13720441258303,37.72082506710136,37.64494437102131,164.5529595591867,170.18186119729071
357,121.71245937303689,116.48338575221268,135.81512684023963,136.26715564030144,35.68189555999469,42.345423796351106,164.87080095506246,169.28520083849006
358,121.45504579204142,114.38435542687269,138.61565682577407,137.38257965427084,40.73044449441205,43.59441250524897,165.3307819139025,166.93235610687614
359,124.06674042397708,115.37048994270494,137.2933305937314,137.44810177272052,40.95221337608533,44.716849723917015,164.44596029547455,166.88327168621274
360,123.31545456238037,112.14275646866517,135.7358748099905,137.06419267539172,38.23623345440005,41.0866652676378,162.66344668512752,166.71922449892384
361,123.24448485921295,113.17041158847245,137.2843734719125,138.59198544322118,37.41452192457963,35.5567543412449,162.88613923371403,172.20700589662806
362,124.49637457536551,115.65512943993988,136.70616617067685,136.6806109088481,44.73263273893677,45.16454952394785,160.2176971959613,165.30948071308435
363,120.88935926628044,116.05345781135193,129.42876354455106,136.4297764448122,40.21854264048299,42.675705342445426,155.70962910374504,166.80859608859865
364,125.24317011687077,118.49667515262209,128.55344240967923,133.92448612160004,46.885221230724895,46.18699963535421,154.02637494576373,162.26565670250076
365,126.64767549018174,117.55566558732748,125.11773033741589,132.27774508583119,47.89803589988857,46.91552856680483,151.33603554831524,157.7469661052664
366,127.12187691450526,117.5423634072286,119.2754079424512,132.30520567346633,49.296287760097385,47.10662367009632,146.17273905011731,158.0616512219118
367,126.65537363911703,116.93919231260561,116.97283692387971,131.97456244680367,42.75270943739416,44.68816588867669,146.4557230630461,159.55295453161895
368,126.64733874460052,123.08966444193413,114.99839230544195,130.36671877000782,44.43116611953334,51.813004277225254,141.65092141204263,157.83189909017608
369,128.52261262154377,121.80423177287045,112.47439111122719,129.07662692555797,42.38324006433031,47.92206236152278,138.90886800147055,157.787499041259
370,131.51705696741058,126.53292973546706,110.2707991209032,128.2120361350199,38.58447616016803,47.1115414939189,142.4954739745485,161.93851264043624
371,132.3924504898849,126.85731218879076,97.49679832517545,125.11244163681924,36.854725611920294,42.19227289090003,132.48050255254216,160.26761507645608
372,131.03188393537982,125.24439551515978,106.25520230391858,127.80996767041681,34.51523301351016,41.743281588427344,140.77123961240406,160.08198167593275
373,128.63272058607845,122.29601623679427,104.54004848009579,129.71091840613371,33.70406695103311,42.18122694330802,138.98242446999873,159.55200905768066
374,127.96142320818966,123.84811992983066,103.28893399838667,128.88198795749616,33.49213361060813,42.81665635800848,137.46245696733789,159.5213309600966
375,130.43486632136583,125.83616210185335,104.60226540671127,128.9144418538248,35.082484445077995,43.614442024136075,138.403622388863,160.18877027732708
376,131.45369242417644,126.17037751207134,108.34429144872134,129.28718806171057,34.81495414320866,39.24448086547001,141.58160399762355,161.13484782360683
377,128.74614177263942,126.01005061636526,112.69713676114135,129.37677495254061,27.453655500488477,39.9722543256411,147.04701816500224,160.97983509142693
378,127.45595489140234,124.84795250744135,115.94240382097249,129.93050582637863,22.545157189854276,38.379521618270076,150.02941756843333,162.31693975319524
379,126.57925006302487,134.1474683317522,121.8330034913753,130.95295612486623,17.573361897197227,42.62879794137106,153.92738475740046,162.45792884084156
380,129.784035137047,133.7577845533537,123.35609150485752,130.5108537016671,14.822363550941056,41.83200609280027,156.84350118935382,162.2009485228728
381,129.07331780525774,129.66757150982284,129.7913713649707,130.92500632235522,14.59072525589682,39.69398638031684,160.81272014476545,160.37824456675867
382,129.9292990558094,126.86493905510844,131.37339166361716,132.57676197976636,15.065810240812471,36.15831839706534,162.3834328471666,160.3525315856738
383,127.44945686824902,122.17272664052769,138.98853086611413,134.67597812479735,13.749577980870908,30.108883221386943,166.60103625367512,159.37582766769896
384,130.58681246706226,122.4458453528916,148.74408811483207,142.2821357955233,15.943154544000118,30.845970920737823,169.0862755099408,157.76001890661186
385,134.27255944916354,116.09403467148906,152.58478461111963,144.64500370514108,17.46159037107442,24.097428236135556,169.48978401723804,157.59163488794715
386,134.1870425342985,114.0645411574074,154.37922430615902,144.2951568479356,17.609642942354846,21.93300940061444,169.5738777012418,153.1126364016393
387,132.3532649148493,111.54139963794259,149.34734631349346,143.52509273605207,17.90721100390172,14.00300135034356,166.771827113111,155.65370256069727
388,131.7808633968975,112.35897521352192,153.96799539591996,147.12826348409888,17.722634682983333,10.766697030922286,165.0058940900397,155.02600216297898
389,135.42750727795908,115.62864958923163,159.86244435512694,149.54223964004464,17.96606997773207,10.655262013589365,163.1283229968695,153.45118261728553
390,133.13754579676797,118.41834647075287,153.75327876297823,148.2715769604674,18.30304250965403,11.379167446004004,161.796670267556,154.0365779462792
391,129.6845207247708,108.59532122985816,142.749302155831,141.50570443663693,17.591738886341034,11.271631341906263,155.66914365189362,151.19957850073243
392,128.64289833312057,111.99340063058594,134.23444246137657,138.02605252122905,17.369359006224258,11.82454401595146,150.23214701466324,150.2744991942584
393,128.901436832228,119.58098493921878,128.24566863037614,132.2544321866972,17.593160621487034,13.980753920961412,147.49631182814034,145.86336067524653
394,125.53963339166572,122.79131593971725,125.16111219099737,134.02125563152592,15.910281749764334,13.015306561491181,144.0700190553398,149.09791508038737
395,122.63648841127517,124.77468269214675,121.4036652837185,130.726592410571,15.048575507127351,13.914349882163938,140.15819301337928,147.23561855250668
396,120.36225352308988,123.39016968647404,120.68457863891047,132.47126273277917,13.833749541156653,13.602603653335093,139.99387181668044,148.18111584833505
397,119.71160162118106,127.6840137493774,118.31561995493396,131.63614788907523,13.292801398589617,14.622268092986511,138.27710361968707,147.8657903955502
398,120.26694697286307,127.91824238564686,118.9535308664794,130.06661348617735,13.074026549541765,15.38227546249759,138.8864764157174,146.6675304284679
399,121.51659772242206,125.73078693051119,119.87356233662017,131.74219380011624,12.778051584864766,14.976516268524318,139.79148210689692,146.960467671978
400,121.28365332101825,127.60122365537039,120.96596333141268,131.0683791013914,13.393770529724534,13.969921881877777,139.33670718499647,145.7186727289828
401,120.88124233120415,130.9315987044919,119.60337212112266,130.49665128523824,13.641044272185013,14.373343883854616,140.35307310975776,146.53091261209673
402,122.71753528723885,130.5193891419395,124.84066304934757,128.9254451057943,16.336905798459696,15.16801905672692,139.98109846419908,142.05684471745536
403,124.07620546841001,132.49721377924263,130.52287926233714,129.91507450400178,15.415589897269149,14.3752906544869,146.60385770453243,141.47235222469857
404,124.24451948897946,133.7764425850879,131.1215534539725,130.22146709601822,13.762509968292434,13.704233221986811,149.0382496044222,140.8421549022348
405,128.05017500370636,127.60073328192261,129.89812829521512,127.9290292289115,15.654153102283267,8.852889796133333,146.63992483439634,140.54504848421627
406,128.76697215024404,127.91188860700328,129.69960213329765,129.4360095130956,16.277979007568735,6.6119290786258915,148.41824607741916,143.20135855881045
407,127.99637580968457,124.85976980443807,132.39630052948087,129.02290263916115,15.499255818595092,6.423510739066008,150.30240095319095,143.04393507472392
408,125.20088147180664,125.10500978375046,135.01745735017388,134.62226984039518,14.277401066467126,7.833998032698383,150.59474997272503,146.62347713748898
409,125.82297866008491,125.46021064921436,136.51593170565687,139.82738163255246,15.186933132133078,5.650792269928554,151.70098727840605,153.62045126118892
410,129.2195644034533,127.8955780479389,137.05347993004324,139.3651303437969,16.12491864054809,3.794889579534478,152.527010008064,155.39140903901665
411,127.47634612870951,126.9607207986824,133.41611398676335,138.61801044235955,16.338148128242217,4.919153711014405,151.83950973637948,157.51277768536644
412,123.73028969088503,123.91870626389785,134.0458325689127,140.0717129625941,16.152496191777814,6.372907845307597,153.6160307294943,158.85967418225795
413,123.16558789767146,127.34621624351881,139.5095999741835,143.69070788096246,16.479441921755907,8.353312463565628,151.48801130319887,159.96092685721888
